epoch,step,loss,retrieval,reliability,lr,alpha_mean,alpha_std,target_mean,target_std,best_alpha_mean,teacher_confidence,teacher_best_loss,seconds
1,1,0.07642428576946259,0.054827358573675156,0.02159692347049713,1.0000000000000002e-06,0.5,0.0,0.4818964898586273,0.10317929089069366,0.37552082538604736,0.07548993080854416,0.023372378200292587,9.018792152404785
1,20,0.02706656977534294,0.011156708002090454,0.015909861773252487,2e-05,0.49992436170578003,4.081398401467595e-06,0.4835066795349121,0.09777089208364487,0.41041669249534607,0.07297011464834213,0.002855944912880659,23.339123725891113
1,40,0.11533927917480469,0.0962948277592659,0.019044455140829086,4e-05,0.49964532256126404,1.925543438119348e-05,0.4898083806037903,0.10335861146450043,0.40625,0.08555664867162704,0.06382709741592407,38.21215081214905
1,60,0.06524959951639175,0.05215352028608322,0.013096082024276257,6e-05,0.49917683005332947,4.4223768782103434e-05,0.4794914126396179,0.08994472771883011,0.3723958432674408,0.07125349342823029,0.0209413543343544,52.695298194885254
1,80,0.11923061311244965,0.10208125412464142,0.01714935712516308,8e-05,0.49836039543151855,9.340774704469368e-05,0.4766484498977661,0.10087613761425018,0.39479169249534607,0.08978651463985443,0.07372789829969406,69.7704930305481
1,100,0.05302199721336365,0.02968788892030716,0.023334110155701637,0.0001,0.4975186288356781,0.00018897649715654552,0.4747123122215271,0.11004382371902466,0.38229167461395264,0.085688017308712,0.011240674182772636,83.80198287963867
1,120,0.08822137117385864,0.06673564016819,0.02148572728037834,9.999525801557717e-05,0.496134489774704,0.0003413767262827605,0.4908923804759979,0.10833297669887543,0.43020838499069214,0.08571633696556091,0.035314228385686874,100.51821184158325
1,140,0.09692023694515228,0.06915786862373352,0.027762366458773613,9.998103306170495e-05,0.4946760833263397,0.0005276289884932339,0.47975558042526245,0.1111694946885109,0.375,0.07733592391014099,0.01304884534329176,120.73944520950317
1,160,0.03649573028087616,0.01988891325891018,0.01660681515932083,9.995732813636154e-05,0.4924253225326538,0.00088086212053895,0.48893770575523376,0.10011547803878784,0.3838541507720947,0.06657205522060394,0.0027325288392603397,136.86708450317383
1,180,0.04303246736526489,0.02729889005422592,0.01573357917368412,9.992414823547525e-05,0.49091291427612305,0.0011022314429283142,0.48455047607421875,0.09200575202703476,0.3838541507720947,0.06980831921100616,0.0056393868289887905,155.18952322006226
1,200,0.13022321462631226,0.11394442617893219,0.016278790310025215,9.988150035187154e-05,0.49036574363708496,0.001314434572122991,0.48648592829704285,0.10484302788972855,0.41041669249534607,0.11321811378002167,0.04988212138414383,172.94172620773315
1,220,0.12167265266180038,0.10262314230203629,0.01904951222240925,9.98293934737993e-05,0.4890584945678711,0.0017599699785932899,0.47746896743774414,0.10918926447629929,0.40833336114883423,0.0975712388753891,0.027295295149087906,187.15434384346008
1,240,0.11706922948360443,0.08592633903026581,0.031142890453338623,9.976783858303649e-05,0.488081693649292,0.002184055745601654,0.48561805486679077,0.11567340791225433,0.4229166507720947,0.08929181098937988,0.03364662081003189,201.88810849189758
1,260,0.03698618337512016,0.022385302931070328,0.01460087951272726,9.969684865257568e-05,0.4879174828529358,0.0024200500920414925,0.48276036977767944,0.09585954248905182,0.3984375,0.07867375016212463,0.00705944886431098,220.814786195755
1,280,0.052358679473400116,0.035787004977464676,0.01657167263329029,9.961643864388999e-05,0.4876881539821625,0.0025742894504219294,0.47264203429222107,0.09872059524059296,0.3817708492279053,0.08899319171905518,0.021305223926901817,237.91208863258362
1,300,0.07737907767295837,0.05703934654593468,0.020339734852313995,9.952662550377976e-05,0.48707860708236694,0.0031513303983956575,0.48254498839378357,0.09988939017057419,0.38593751192092896,0.08062268793582916,0.018599726259708405,254.1655580997467
1,320,0.030268121510744095,0.013660929165780544,0.016607191413640976,9.942742816080108e-05,0.4884554147720337,0.002905765315517783,0.4783966541290283,0.09478535503149033,0.39791667461395264,0.06948137283325195,0.009779321029782295,271.3939862251282
1,340,0.04291717708110809,0.029804563149809837,0.013112612068653107,9.93188675212764e-05,0.48861759901046753,0.0038266994524747133,0.4819459617137909,0.09506075829267502,0.3890624940395355,0.08450813591480255,0.01855640672147274,287.1186225414276
1,360,0.06329715251922607,0.04545597732067108,0.017841175198554993,9.920096646488845e-05,0.48699459433555603,0.004160124342888594,0.4773845374584198,0.1029839739203453,0.3812499940395355,0.07666020840406418,0.03312872350215912,303.5184214115143
1,380,0.1582755744457245,0.13625070452690125,0.022024862468242645,9.907374983985823e-05,0.48583173751831055,0.004653142765164375,0.4718174934387207,0.10238102823495865,0.3645833432674408,0.08766796439886093,0.1037716418504715,318.9347891807556
1,400,0.038689024746418,0.027372824028134346,0.011316201649606228,9.893724445770818e-05,0.4862932562828064,0.005722058471292257,0.47846633195877075,0.09010989218950272,0.38854166865348816,0.08307870477437973,0.011783244088292122,334.9271733760834
1,420,0.05110611021518707,0.03178948909044266,0.019316621124744415,9.879147908761142e-05,0.48789843916893005,0.005458427593111992,0.46439123153686523,0.09996405988931656,0.38750001788139343,0.07529784739017487,0.007957367226481438,350.7864673137665
1,440,0.028620295226573944,0.015422804281115532,0.013197490014135838,9.863648445032862e-05,0.48746955394744873,0.0064868866465985775,0.4672194719314575,0.09011854976415634,0.36406251788139343,0.07301044464111328,0.00470656668767333,366.13205099105835
1,460,0.08411912620067596,0.06613533198833466,0.01798379234969616,9.847229321173332e-05,0.48387405276298523,0.0065597123466432095,0.487921804189682,0.09418879449367523,0.40625,0.08191382884979248,0.0382600873708725,382.37912583351135
1,480,0.04901851341128349,0.02615734376013279,0.022861169651150703,9.829893997592758e-05,0.4843474328517914,0.00777310598641634,0.4855623245239258,0.10743851214647293,0.3895833492279053,0.07778199017047882,0.011196574196219444,396.5566563606262
1,500,0.05432683601975441,0.04019756615161896,0.014129270799458027,9.811646127794891e-05,0.48890936374664307,0.007590992376208305,0.4821305274963379,0.09183932095766068,0.3968749940395355,0.07477785646915436,0.006626570131629705,410.9648690223694
1,520,0.022919509559869766,0.010339876636862755,0.012579631991684437,9.792489557607034e-05,0.48897573351860046,0.00771787203848362,0.4767431914806366,0.09350939840078354,0.3880208432674408,0.07631085813045502,0.006110446061939001,428.2306501865387
1,540,0.03897037357091904,0.025177422910928726,0.01379295252263546,9.772428324369516e-05,0.487457811832428,0.008149806410074234,0.4827593266963959,0.10075882822275162,0.39010417461395264,0.08478476852178574,0.014992285519838333,442.55376958847046
1,560,0.06086898595094681,0.03707459941506386,0.02379438653588295,9.751466656084806e-05,0.4870103597640991,0.008890291675925255,0.47710686922073364,0.11271604150533676,0.37656253576278687,0.08253391087055206,0.01843908056616783,458.45732045173645
1,580,0.04956191033124924,0.03268400952219963,0.016877898946404457,9.729608970526435e-05,0.4870065152645111,0.008480794727802277,0.4815346598625183,0.10301613807678223,0.3880208432674408,0.08616231381893158,0.012381551787257195,475.9280138015747
1,600,0.02318897843360901,0.01046103984117508,0.012727937661111355,9.706859874307935e-05,0.4857967793941498,0.008858823217451572,0.47793006896972656,0.09188423305749893,0.3817708492279053,0.07235325872898102,0.005370710976421833,490.3565163612366
1,620,0.14647176861763,0.12162278592586517,0.024848975241184235,9.683224161911967e-05,0.4851232171058655,0.00858370028436184,0.48775967955589294,0.10398263484239578,0.3958333432674408,0.08074057102203369,0.06179036200046539,504.53495931625366
1,640,0.03874034062027931,0.0243343748152256,0.014405965805053711,9.658706814679867e-05,0.48212045431137085,0.010873844847083092,0.46785658597946167,0.09802526235580444,0.3567708432674408,0.08264943957328796,0.01244685985147953,520.5559101104736
1,660,0.06484431028366089,0.04387786239385605,0.02096644602715969,9.633312999761794e-05,0.4806702733039856,0.010332977399230003,0.470185250043869,0.11135444045066833,0.3708333671092987,0.09906010329723358,0.012326369993388653,535.4472460746765
1,680,0.0977943018078804,0.08082465827465057,0.016969645395874977,9.60704806902774e-05,0.48145562410354614,0.011224186979234219,0.4731355905532837,0.1012168899178505,0.39114582538604736,0.08959191292524338,0.03185252100229263,551.6302189826965
1,700,0.05968809872865677,0.045023880898952484,0.01466421689838171,9.579917557939591e-05,0.48242896795272827,0.011369120329618454,0.47714096307754517,0.09773948788642883,0.3697916865348816,0.08233357220888138,0.017884772270917892,569.0389468669891
1,720,0.04153648018836975,0.027429478242993355,0.014107001014053822,9.551927184384498e-05,0.48422151803970337,0.012120834551751614,0.48111581802368164,0.09860053658485413,0.40000003576278687,0.07654020190238953,0.002893381752073765,583.9651982784271
1,740,0.06551440805196762,0.043430112302303314,0.022084297612309456,9.523082847469815e-05,0.4865559935569763,0.011758333072066307,0.47828802466392517,0.1075609102845192,0.39791667461395264,0.07731185108423233,0.015327977947890759,600.1060082912445
1,760,0.0311653483659029,0.0194869264960289,0.011678421869874,9.493390626279823e-05,0.48542678356170654,0.013312676921486855,0.4645487666130066,0.08752951771020889,0.3515625,0.07470180094242096,0.0070097558200359344,616.0254724025726
1,780,0.03377022221684456,0.019929368048906326,0.013840855099260807,9.462856778594534e-05,0.48612654209136963,0.011575589887797832,0.4792134463787079,0.0919509157538414,0.3697916865348816,0.07314429432153702,0.008629541844129562,630.4048533439636
1,800,0.05115189775824547,0.030143490061163902,0.021008407697081566,9.431487739570846e-05,0.48485660552978516,0.014739611186087132,0.4795343279838562,0.10446572303771973,0.3734374940395355,0.07541824877262115,0.012830078601837158,645.1491677761078
1,820,0.08296241611242294,0.05474378168582916,0.02821863442659378,9.399290120386285e-05,0.48577141761779785,0.01437462493777275,0.47965770959854126,0.10763776302337646,0.3817708492279053,0.07459177076816559,0.0238878782838583,662.1230812072754
1,840,0.056649938225746155,0.03999321907758713,0.016656719148159027,9.366270706845683e-05,0.4853241443634033,0.014614787884056568,0.48840829730033875,0.10476724803447723,0.38333332538604736,0.09200611710548401,0.01998007670044899,676.9454998970032
1,860,0.06630921363830566,0.04905840754508972,0.01725080981850624,9.33243645795102e-05,0.48437631130218506,0.013200091198086739,0.49255573749542236,0.0974595919251442,0.39270836114883423,0.07146032154560089,0.023469610139727592,692.683188199997
1,880,0.060879897326231,0.04342963546514511,0.01745026186108589,9.297794504434798e-05,0.4871917963027954,0.013001774437725544,0.46805521845817566,0.09985975176095963,0.3864583373069763,0.08537960052490234,0.018112339079380035,710.2955822944641
1,900,0.048395201563835144,0.030076168477535248,0.018319033086299896,9.26235214725719e-05,0.48670047521591187,0.01391647383570671,0.4825366139411926,0.10531087219715118,0.40677088499069214,0.08572985976934433,0.010823036544024944,723.9762892723083
1,920,0.09486327320337296,0.07366698980331421,0.021196285262703896,9.226116856067336e-05,0.48854586482048035,0.012468895874917507,0.4883762001991272,0.10401999205350876,0.3942708373069763,0.08836507052183151,0.058298997581005096,738.3801584243774
1,940,0.0579499676823616,0.03921356052160263,0.01873640902340412,9.189096267629076e-05,0.4899439215660095,0.013711056672036648,0.4942323565483093,0.10166595876216888,0.4192708432674408,0.07404714822769165,0.013558035716414452,754.6681995391846
1,960,0.04176631569862366,0.025541773065924644,0.016224540770053864,9.151298184211466e-05,0.48999178409576416,0.012516578659415245,0.47531744837760925,0.10615740716457367,0.406770795583725,0.09238620847463608,0.015739670023322105,770.4478361606598
1,980,0.08205245435237885,0.05683368071913719,0.025218771770596504,9.112730571944405e-05,0.49159500002861023,0.013201513327658176,0.4712596535682678,0.1147046834230423,0.3958333432674408,0.0960458517074585,0.01926835998892784,784.383017539978
1,1000,0.06056852638721466,0.04234122857451439,0.01822729781270027,9.07340155913974e-05,0.4889254570007324,0.012566652148962021,0.48447078466415405,0.10166040062904358,0.3812499940395355,0.07706304639577866,0.027086731046438217,800.3830852508545
1,1020,0.05934334546327591,0.047829028218984604,0.011514315381646156,9.033319434578186e-05,0.4879329204559326,0.013590504415333271,0.4913804531097412,0.092096708714962,0.3973958194255829,0.08148336410522461,0.042649295181035995,814.1666736602783
1,1040,0.050047632306814194,0.037041690200567245,0.013005943037569523,8.992492645762426e-05,0.48570260405540466,0.015069577842950821,0.4790985584259033,0.09597791731357574,0.39218753576278687,0.08937786519527435,0.009494766592979431,828.3885123729706
1,1060,0.0720139816403389,0.05288997292518616,0.01912401057779789,8.950929797136751e-05,0.48733529448509216,0.014447947964072227,0.48163121938705444,0.10783502459526062,0.4020833373069763,0.09828178584575653,0.019562561064958572,843.8007731437683
1,1080,0.05654999613761902,0.03560914099216461,0.020940857008099556,8.90863964827364e-05,0.48459261655807495,0.013133151456713676,0.4955553710460663,0.10109393298625946,0.39010417461395264,0.0790262222290039,0.01609800010919571,858.2152817249298
1,1100,0.05988322198390961,0.04355168342590332,0.016331538558006287,8.865631112027632e-05,0.4843519926071167,0.013057027943432331,0.4758824110031128,0.1009581983089447,0.3932291865348816,0.08454494923353195,0.018247971311211586,873.9132857322693
1,1120,0.08224548399448395,0.06638513505458832,0.01586034521460533,8.821913252656903e-05,0.4856870174407959,0.014851435087621212,0.4885594844818115,0.0920824483036995,0.40000003576278687,0.07567006349563599,0.016173169016838074,891.4178338050842
1,1140,0.048127830028533936,0.03026224672794342,0.017865585163235664,8.777495283912924e-05,0.4865955710411072,0.014723763801157475,0.4722406268119812,0.09846115112304688,0.38854169845581055,0.07313381135463715,0.017625343054533005,905.940750837326
1,1160,0.04286874085664749,0.030283123254776,0.012585616670548916,8.732386567098623e-05,0.4872172772884369,0.014490213245153427,0.468595951795578,0.08941416442394257,0.36875003576278687,0.0704381987452507,0.005545114632695913,921.4055178165436
1,1180,0.08115485310554504,0.05997020751237869,0.021184643730521202,8.686596609095447e-05,0.48953479528427124,0.014809319749474525,0.4956115484237671,0.10777244716882706,0.42500004172325134,0.08950658142566681,0.021554013714194298,936.8411862850189
1,1200,0.04210839048027992,0.024626707658171654,0.01748168282210827,8.640135060359726e-05,0.4880601763725281,0.014159228652715683,0.46037477254867554,0.09873312711715698,0.3682291507720947,0.07194845378398895,0.0014989525079727173,950.9063148498535
1,1220,0.04576847702264786,0.02695801481604576,0.018810460343956947,8.593011712888814e-05,0.4883421063423157,0.014423346146941185,0.4852231442928314,0.10017278790473938,0.3973958492279053,0.07211223989725113,0.02289270982146263,966.1080806255341
1,1240,0.045349739491939545,0.023224253207445145,0.0221254862844944,8.545236498157363e-05,0.4861770570278168,0.015380313619971275,0.47682350873947144,0.10824049264192581,0.3890624940395355,0.0805913433432579,0.010448247194290161,982.038054227829
1,1260,0.10591411590576172,0.07499249279499054,0.03092162497341633,8.496819485024215e-05,0.48730990290641785,0.013926087878644466,0.4907790422439575,0.12179536372423172,0.4036458432674408,0.09019442647695541,0.016486484557390213,997.2717998027802
1,1280,0.025011476129293442,0.011639200150966644,0.013372275978326797,8.447770877610356e-05,0.48497217893600464,0.01410707924515009,0.47699496150016785,0.09539101272821426,0.37552082538604736,0.06758631765842438,0.0022979783825576305,1013.2391996383667
1,1300,0.04290930926799774,0.02921544387936592,0.013693864457309246,8.398101013148333e-05,0.48797959089279175,0.01541418582201004,0.4879468083381653,0.09666875749826431,0.40416669845581055,0.07942643761634827,0.018065622076392174,1030.341799736023
1,1320,0.08357018977403641,0.062459029257297516,0.02111116051673889,8.347820359803635e-05,0.4863937795162201,0.01672382466495037,0.4799814224243164,0.10736837238073349,0.40781253576278687,0.08727570623159409,0.03818722814321518,1045.22265791893
1,1340,0.03243785351514816,0.01829352416098118,0.014144331216812134,8.296939514468483e-05,0.4861389100551605,0.015797395259141922,0.4862537980079651,0.09323793649673462,0.39218753576278687,0.07300388813018799,0.008663270622491837,1061.0308549404144
1,1360,0.027772381901741028,0.013532760553061962,0.01423962228000164,8.245469200528477e-05,0.48580050468444824,0.0159455519169569,0.4862629175186157,0.0999109148979187,0.40052080154418945,0.06944240629673004,0.002087406348437071,1076.229903459549
1,1380,0.057206425815820694,0.03636749088764191,0.020838934928178787,8.193420265602592e-05,0.48971813917160034,0.015294224955141544,0.4866163432598114,0.11268562823534012,0.4098958373069763,0.08406931161880493,0.017812535166740417,1090.5494892597198
1,1400,0.03435308486223221,0.022390341386198997,0.011962744407355785,8.14080367925699e-05,0.49108970165252686,0.015349753201007843,0.4725942611694336,0.09221285581588745,0.38333332538604736,0.07640757411718369,0.0075478339567780495,1105.4529402256012
1,1420,0.06273439526557922,0.0389290414750576,0.02380535565316677,8.08763053069313e-05,0.4877551198005676,0.016262713819742203,0.47408145666122437,0.10530886799097061,0.4052083492279053,0.0813022181391716,0.021339409053325653,1120.4176197052002
1,1440,0.030867714434862137,0.014525328762829304,0.016342386603355408,8.033912026410666e-05,0.4857669770717621,0.014927229844033718,0.4827948212623596,0.10371566563844681,0.39635419845581055,0.07585471868515015,0.003371642902493477,1134.2094097137451
1,1460,0.07561343908309937,0.052775509655475616,0.022837931290268898,7.979659487845621e-05,0.48333820700645447,0.015249073505401611,0.4812154769897461,0.10845320671796799,0.3723958432674408,0.07840016484260559,0.014435727149248123,1148.6409888267517
2,1480,0.0434652641415596,0.029253914952278137,0.014211350120604038,7.92488434898434e-05,0.4846406579017639,0.015756869688630104,0.486177533864975,0.09468104690313339,0.3697916865348816,0.08979075402021408,0.014755604788661003,1170.1522188186646
2,1500,0.07925605773925781,0.057142212986946106,0.022113844752311707,7.869598153953722e-05,0.4856899678707123,0.014779163524508476,0.4936245381832123,0.10930605232715607,0.40937504172325134,0.08171449601650238,0.032707590609788895,1185.983304977417
2,1520,0.05027146637439728,0.03113594651222229,0.01913551799952984,7.813812554588244e-05,0.49039900302886963,0.01451056357473135,0.4716784358024597,0.10005581378936768,0.38697919249534607,0.07565329968929291,0.013567909598350525,1203.3590075969696
2,1540,0.04469022527337074,0.02402384951710701,0.020666375756263733,7.757539307974264e-05,0.49138209223747253,0.014401623979210854,0.4740619659423828,0.10611957311630249,0.37447917461395264,0.08343683183193207,0.016082599759101868,1217.9872591495514
2,1560,0.055911414325237274,0.03673268482089043,0.0191787276417017,7.70079027397218e-05,0.4891674518585205,0.01521083153784275,0.47165244817733765,0.10649839043617249,0.3760416507720947,0.09748202562332153,0.010989472270011902,1233.616304397583
2,1580,0.033295925706624985,0.01901562511920929,0.01428030151873827,7.643577412716893e-05,0.48798367381095886,0.016821950674057007,0.4735344350337982,0.10041569918394089,0.3812499940395355,0.0797504410147667,0.008786453865468502,1250.5329630374908
2,1600,0.09585176408290863,0.0769716203212738,0.018880140036344528,7.585912782097149e-05,0.48659688234329224,0.01570357382297516,0.48138874769210815,0.10691079497337341,0.40572917461395264,0.09010253846645355,0.04806055873632431,1264.5290920734406
2,1620,0.08514006435871124,0.06352972239255905,0.02161034382879734,7.527808535214291e-05,0.4870619773864746,0.015284489840269089,0.4796236455440521,0.11598890274763107,0.40156254172325134,0.10543280094861984,0.03441932424902916,1278.929782629013
2,1640,0.04560079798102379,0.027734268456697464,0.017866529524326324,7.469276917820923e-05,0.4860457181930542,0.01586688682436943,0.48208940029144287,0.0991569235920906,0.40052086114883423,0.07213310897350311,0.005433402024209499,1295.4397008419037
2,1660,0.05503098666667938,0.03606423735618591,0.01896674931049347,7.410330265740063e-05,0.48553943634033203,0.016079673543572426,0.48576638102531433,0.10815563052892685,0.3994792103767395,0.08318386971950531,0.01015770249068737,1310.784512758255
2,1680,0.05970102548599243,0.041869983077049255,0.017831044271588326,7.35098100226531e-05,0.4870646893978119,0.015236030332744122,0.4810267388820648,0.09855122864246368,0.37708336114883423,0.0711858794093132,0.01622287929058075,1325.9723751544952
2,1700,0.035733871161937714,0.0193684920668602,0.016365379095077515,7.291241635542569e-05,0.48566755652427673,0.015441692434251308,0.4772627055644989,0.10456139594316483,0.3890625238418579,0.0779801607131958,0.009451169520616531,1341.788452386856
2,1720,0.07469810545444489,0.05076892673969269,0.023929182440042496,7.231124755933904e-05,0.48765653371810913,0.01665743626654148,0.5042811632156372,0.1172596737742424,0.39895832538604736,0.10654768347740173,0.026101484894752502,1356.3124780654907
2,1740,0.03811664879322052,0.024744709953665733,0.013371938839554787,7.170643033364057e-05,0.4865977168083191,0.015828151255846024,0.485187292098999,0.09592634439468384,0.3942708671092987,0.07245616614818573,0.005031052511185408,1370.455866098404
2,1760,0.03891810029745102,0.022124405950307846,0.016793694347143173,7.109809214650197e-05,0.48619136214256287,0.014815090224146843,0.49299904704093933,0.10087281465530396,0.39791664481163025,0.0689505934715271,0.005715934094041586,1386.5584518909454
2,1780,0.05453040078282356,0.043636541813611984,0.010893859900534153,7.048636120815463e-05,0.48788076639175415,0.015482651069760323,0.4861927926540375,0.09069258719682693,0.4114583432674408,0.0906478762626648,0.014994554221630096,1401.6434605121613
2,1800,0.06776468455791473,0.04691580682992935,0.020848875865340233,6.987136644386884e-05,0.4868646562099457,0.015844155102968216,0.47585996985435486,0.10312056541442871,0.37656253576278687,0.07697084546089172,0.006735376548022032,1416.3370172977448
2,1820,0.04420739412307739,0.0283721461892128,0.015835249796509743,6.925323746678202e-05,0.4838731288909912,0.015563725493848324,0.4782993793487549,0.09964729845523834,0.3958333432674408,0.07615655660629272,0.02315666899085045,1433.6592071056366
2,1840,0.0647033080458641,0.05092565715312958,0.013777649961411953,6.86321045505822e-05,0.48696470260620117,0.01588430441915989,0.489335298538208,0.09417489916086197,0.41093748807907104,0.0724729597568512,0.025239376351237297,1449.137768983841
2,1860,0.09560022503137589,0.07357493042945862,0.022025292739272118,6.800809860205219e-05,0.48741936683654785,0.014526360668241978,0.48671865463256836,0.10918206721544266,0.41197916865348816,0.08852767944335938,0.05843556672334671,1464.3007192611694
2,1880,0.03699003905057907,0.017633959650993347,0.019356079399585724,6.738135113348032e-05,0.48835980892181396,0.017292430624365807,0.4795564115047455,0.10942959040403366,0.37916669249534607,0.07892512530088425,0.004462466109544039,1480.8528759479523
2,1900,0.05699877813458443,0.03983691334724426,0.017161864787340164,6.675199423494364e-05,0.48795923590660095,0.015146596357226372,0.4659395217895508,0.10304473340511322,0.35312503576278687,0.07921986281871796,0.007079564966261387,1495.5525085926056
2,1920,0.07490196824073792,0.05591670423746109,0.018985262140631676,6.61201605464692e-05,0.48726963996887207,0.016435211524367332,0.48480749130249023,0.10084085166454315,0.3838541507720947,0.08845220506191254,0.01676155813038349,1510.3637194633484
2,1940,0.06384531408548355,0.04786444455385208,0.01598086766898632,6.54859832300796e-05,0.4865480363368988,0.016899971291422844,0.4763917326927185,0.10507462173700333,0.37135419249534607,0.09712865203619003,0.018083641305565834,1526.1926898956299
2,1960,0.0174652598798275,0.006140966899693012,0.011324292048811913,6.484959594172846e-05,0.48640283942222595,0.0172469150274992,0.48251304030418396,0.09128103405237198,0.4151042103767395,0.06716029345989227,0.002895606681704521,1540.7107994556427
2,1980,0.05527810752391815,0.03827536478638649,0.01700274460017681,6.421113280313168e-05,0.4881015419960022,0.014902105554938316,0.4963374733924866,0.09752792119979858,0.40677082538604736,0.07874444872140884,0.010030037723481655,1555.212607383728
2,2000,0.08615358173847198,0.06491143256425858,0.02124215103685856,6.35707283735007e-05,0.4865410327911377,0.01472566556185484,0.47669142484664917,0.10537473112344742,0.3973958492279053,0.09432016313076019,0.036445364356040955,1571.9257409572601
2,2020,0.015584277920424938,0.0047707706689834595,0.010813507251441479,6.292851762118354e-05,0.48559805750846863,0.017166581004858017,0.46858131885528564,0.08758419007062912,0.37291669845581055,0.06334631145000458,0.0008330304990522563,1586.167337179184
2,2040,0.08188945800065994,0.05998827517032623,0.02190118469297886,6.228463589521944e-05,0.48475250601768494,0.017833519726991653,0.48196932673454285,0.10467305779457092,0.39479169249534607,0.09378713369369507,0.026898887008428574,1600.3404479026794
2,2060,0.04320883750915527,0.026640741154551506,0.016568094491958618,6.163921889681353e-05,0.4869964122772217,0.01709485985338688,0.47165125608444214,0.09400565922260284,0.3619791865348816,0.07672744989395142,0.014204364269971848,1616.1962583065033
2,2080,0.04741683602333069,0.02979116514325142,0.01762567088007927,6.0992402650737013e-05,0.48977360129356384,0.01644074358046055,0.49399322271347046,0.10227332264184952,0.4114583432674408,0.06503194570541382,0.0035260010045021772,1631.953357219696
2,2100,0.02996825985610485,0.017288662493228912,0.012679597362875938,6.034432347665937e-05,0.48639625310897827,0.01716492883861065,0.4733296036720276,0.09497959166765213,0.37968751788139343,0.07963666319847107,0.004968177992850542,1646.7284183502197
2,2120,0.04582344740629196,0.029339108616113663,0.016484340652823448,5.969511796041831e-05,0.48422369360923767,0.016946548596024513,0.4795379042625427,0.09940601885318756,0.3895833492279053,0.07705587148666382,0.014796755276620388,1663.1800990104675
2,2140,0.07804866135120392,0.05929636210203171,0.01875229924917221,5.904492292523361e-05,0.48449230194091797,0.016788417473435402,0.479586124420166,0.10504575818777084,0.3942708373069763,0.08652089536190033,0.02518642507493496,1677.7967636585236
2,2160,0.052681244909763336,0.03516090661287308,0.017520340159535408,5.8393875402871037e-05,0.48351821303367615,0.017119180411100388,0.4835304617881775,0.10424754023551941,0.38072919845581055,0.08295441418886185,0.015965020284056664,1692.607902765274
2,2180,0.06798475980758667,0.048810478299856186,0.019174279645085335,5.7742112604762046e-05,0.4820844531059265,0.015521041117608547,0.47953590750694275,0.1055237278342247,0.3786458373069763,0.08349275588989258,0.016514617949724197,1709.2255306243896
2,2200,0.027590090408921242,0.01534357015043497,0.012246520258486271,5.7089771893086085e-05,0.4825352430343628,0.015206717886030674,0.46205830574035645,0.09251345694065094,0.34583336114883423,0.07209280878305435,0.008318167179822922,1724.109025478363
2,2220,0.03525353595614433,0.020486993715167046,0.014766542240977287,5.6436990751820584e-05,0.48440080881118774,0.01673293113708496,0.49237799644470215,0.09965205937623978,0.4130208492279053,0.07619360089302063,0.0024589495733380318,1738.7641339302063
2,2240,0.036984797567129135,0.023911934345960617,0.013072862289845943,5.578390675776571e-05,0.47998046875,0.016765128821134567,0.46787235140800476,0.09255001693964005,0.37968748807907104,0.07062825560569763,0.014042208902537823,1755.2615187168121
2,2260,0.04141204059123993,0.02719905786216259,0.014212984591722488,5.513065755154931e-05,0.48006266355514526,0.01691632904112339,0.48535269498825073,0.09376665949821472,0.3958333432674408,0.07303126901388168,0.010706539265811443,1769.6243147850037
2,2280,0.07247961312532425,0.052342548966407776,0.020137062296271324,5.447738080861852e-05,0.4843519926071167,0.015920795500278473,0.49120473861694336,0.10901757329702377,0.40416669845581055,0.07712624967098236,0.020343035459518433,1784.3678567409515
2,2300,0.04770638793706894,0.03129972517490387,0.01640666462481022,5.3824214210223925e-05,0.48193442821502686,0.019951889291405678,0.48162445425987244,0.10176354646682739,0.39375004172325134,0.08574336022138596,0.020225603133440018,1800.4128625392914
2,2320,0.0314357690513134,0.016639141365885735,0.014796626754105091,5.317129541440263e-05,0.4872094988822937,0.014934445731341839,0.4852944016456604,0.09583646059036255,0.3984375,0.06940081715583801,0.005943413358181715,1815.006599187851
2,2340,0.060065269470214844,0.047245196998119354,0.01282007247209549,5.251876202696621e-05,0.48570871353149414,0.01686292700469494,0.48424673080444336,0.08412543684244156,0.37812501192092896,0.07379468530416489,0.02589569054543972,1829.4795076847076
2,2360,0.03498591482639313,0.02187391184270382,0.013112001121044159,5.186675157249945e-05,0.4880044460296631,0.016009869053959846,0.48445793986320496,0.09272640198469162,0.39218753576278687,0.07619096338748932,0.011102812364697456,1846.265831708908
2,2380,0.07800114154815674,0.06458520889282227,0.013415928930044174,5.1215401465376503e-05,0.48750901222229004,0.01750226318836212,0.4813389778137207,0.09518826752901077,0.3932291865348816,0.08201988786458969,0.04742053896188736,1861.8622725009918
2,2400,0.09538982808589935,0.07625052332878113,0.019139308482408524,5.056484898080013e-05,0.48977208137512207,0.01550121046602726,0.49733829498291016,0.09859079122543335,0.4072916507720947,0.09264400601387024,0.04307107254862785,1877.0920898914337
2,2420,0.05784757435321808,0.04020903259515762,0.017638539895415306,4.991523122587023e-05,0.4876208007335663,0.016745541244745255,0.47400498390197754,0.10006186366081238,0.3854166865348816,0.07440795749425888,0.012692390009760857,1892.708654165268
2,2440,0.041359759867191315,0.026783034205436707,0.014576724730432034,4.926668511068794e-05,0.4886986017227173,0.015779772773385048,0.4808928966522217,0.0980348214507103,0.4072916507720947,0.08420710265636444,0.007544761057943106,1907.4623486995697
2,2460,0.0837344229221344,0.06624414771795273,0.01749027892947197,4.861934731950101e-05,0.48812150955200195,0.016447125002741814,0.4878053665161133,0.1021827682852745,0.4010416865348816,0.09692686796188354,0.020747536793351173,1922.4389288425446
2,2480,0.10423292219638824,0.07913319766521454,0.025099724531173706,4.7973354281897164e-05,0.4900707006454468,0.01623927801847458,0.481264591217041,0.11630411446094513,0.39010417461395264,0.0891023501753807,0.015172367915511131,1939.2777698040009
2,2500,0.0658569261431694,0.044028133153915405,0.021828792989253998,4.7328842144050626e-05,0.4873656928539276,0.015659602358937263,0.46725401282310486,0.10904393345117569,0.39270836114883423,0.0805283635854721,0.01585349068045616,1953.74680352211
2,2520,0.050228968262672424,0.035810358822345734,0.014418607577681541,4.668594674002889e-05,0.4887252748012543,0.016455763950943947,0.4785076081752777,0.0989127978682518,0.3817708492279053,0.07927826046943665,0.01999875344336033,1967.9489855766296
2,2540,0.05212262272834778,0.04258359968662262,0.009539023973047733,4.6044803563164896e-05,0.48876553773880005,0.01664169318974018,0.4734562337398529,0.08423751592636108,0.37916669249534607,0.08327224850654602,0.03543170541524887,1983.8992216587067
2,2560,0.03861503303050995,0.021343151107430458,0.01727188378572464,4.540554773750122e-05,0.48816603422164917,0.015837492421269417,0.4873122572898865,0.09763269126415253,0.4052083492279053,0.07332567870616913,0.0043583526276052,1997.7975437641144
2,2580,0.04021139442920685,0.01899210922420025,0.02121928334236145,4.476831398931196e-05,0.48696035146713257,0.014523955062031746,0.4727543294429779,0.1067664697766304,0.36927086114883423,0.07018489390611649,0.0018061039736494422,2011.872563123703
2,2600,0.07830439507961273,0.058437176048755646,0.019867215305566788,4.413323661870859e-05,0.48385998606681824,0.01686912402510643,0.4692801833152771,0.11079750955104828,0.37552082538604736,0.09544022381305695,0.013608485460281372,2028.6161077022552
2,2620,0.07306990772485733,0.05078727751970291,0.022282632067799568,4.3500449471335436e-05,0.4849560856819153,0.016392027959227562,0.46268269419670105,0.11131711304187775,0.36770838499069214,0.09920715540647507,0.018961217254400253,2043.0530309677124
2,2640,0.05945419892668724,0.04364299401640892,0.01581120491027832,4.287008591016126e-05,0.4871564507484436,0.01584353856742382,0.4733084440231323,0.09826602786779404,0.37968751788139343,0.07853074371814728,0.01045617088675499,2058.3301916122437
2,2660,0.048592016100883484,0.02991091087460518,0.018681105226278305,4.224227878737217e-05,0.48759159445762634,0.014226182363927364,0.48660576343536377,0.1019248440861702,0.3973958492279053,0.08355405181646347,0.0377701073884964,2074.6003217697144
2,2680,0.02545541152358055,0.012609429657459259,0.012845981866121292,4.161716041637246e-05,0.4872758984565735,0.01522515807300806,0.4803341329097748,0.09445077180862427,0.3973958492279053,0.0822611078619957,0.0038163941353559494,2089.1117770671844
2,2700,0.07364260405302048,0.052343327552080154,0.021299276500940323,4.09948625438989e-05,0.48290663957595825,0.015677068382501602,0.4702812433242798,0.11475637555122375,0.37031251192092896,0.09568878263235092,0.023130543529987335,2103.293716907501
2,2720,0.03441200405359268,0.018791519105434418,0.015620483085513115,4.037551632225455e-05,0.4823542535305023,0.016090862452983856,0.475684255361557,0.10023036599159241,0.38072919845581055,0.07559697329998016,0.00437911506742239,2118.9713735580444
2,2740,0.05409462749958038,0.03573087975382805,0.018363749608397484,3.9759252281667606e-05,0.4819203317165375,0.015563249588012695,0.4895946681499481,0.09623385220766068,0.3817708492279053,0.06532975286245346,0.013231802731752396,2133.803866624832
2,2760,0.0660255029797554,0.046289391815662384,0.01973610930144787,3.914620030278165e-05,0.4808621108531952,0.015172312967479229,0.48410162329673767,0.10666085034608841,0.4020833373069763,0.07653050869703293,0.010289778932929039,2148.0738377571106
2,2780,0.07496662437915802,0.05878414213657379,0.016182484105229378,3.85364895892827e-05,0.4811912477016449,0.01573380082845688,0.48002511262893677,0.10153164714574814,0.37968751788139343,0.07906872779130936,0.045489318668842316,2164.873230934143
2,2800,0.035687632858753204,0.018487993627786636,0.01719963736832142,3.793024864066874e-05,0.48375940322875977,0.012976537458598614,0.4808838367462158,0.0993402823805809,0.3838541507720947,0.07834770530462265,0.015901774168014526,2179.115315914154
2,2820,0.06638730317354202,0.05060294643044472,0.015784358605742455,3.732760522516803e-05,0.4855218827724457,0.014374504797160625,0.4771347939968109,0.10246693342924118,0.37916669249534607,0.0840885192155838,0.0340009443461895,2193.518994808197
2,2840,0.060297027230262756,0.045037128031253815,0.015259898267686367,3.6728686352811125e-05,0.4828926920890808,0.015170812606811523,0.4745829701423645,0.09568678587675095,0.38437503576278687,0.0746733546257019,0.012331790290772915,2209.4547412395477
2,2860,0.10989809781312943,0.08491350710391998,0.024984590709209442,3.613361824866313e-05,0.4831756353378296,0.01562853902578354,0.4846310317516327,0.10875887423753738,0.39479169249534607,0.09117545932531357,0.01444813422858715,2223.657459974289
2,2880,0.041247788816690445,0.026772521436214447,0.014475266449153423,3.5542526326220894e-05,0.48372364044189453,0.015677498653531075,0.47845491766929626,0.09916180372238159,0.3802083432674408,0.0734228566288948,0.004817543085664511,2238.047907590866
2,2900,0.04389336332678795,0.028228964656591415,0.015664398670196533,3.4955535160981725e-05,0.4863225817680359,0.015563059598207474,0.4920751750469208,0.10052745044231415,0.4307291507720947,0.07382412999868393,0.006027793046087027,2253.6762568950653
2,2920,0.028348885476589203,0.01213022693991661,0.016218658536672592,3.4372768464188376e-05,0.4866673946380615,0.013586432673037052,0.47625669836997986,0.10218989849090576,0.40937501192092896,0.07183699309825897,0.00415677297860384,2268.401201725006
2,2940,0.05493108183145523,0.03822432458400726,0.016706757247447968,3.3794349056756313e-05,0.4852912425994873,0.015551703982055187,0.4744396209716797,0.10143110156059265,0.3916666507720947,0.09126000851392746,0.008663114160299301,2282.745889186859
3,2960,0.04278850182890892,0.028688814491033554,0.01409968826919794,3.322039884338863e-05,0.48367056250572205,0.016546860337257385,0.4712100625038147,0.09485303610563278,0.36666667461395264,0.07117491960525513,0.0028502445202320814,2306.792182445526
3,2980,0.05568151921033859,0.036622144281864166,0.019059376791119576,3.265103878688409e-05,0.48585471510887146,0.01602247543632984,0.47262972593307495,0.10598181188106537,0.39010417461395264,0.09010402858257294,0.015160216018557549,2321.593249797821
3,3000,0.050450824201107025,0.035362787544727325,0.015088038519024849,3.208638888264348e-05,0.4830150008201599,0.01682715304195881,0.4809519946575165,0.10049086064100266,0.38437503576278687,0.08983820676803589,0.03526073694229126,2335.9020767211914
3,3020,0.03414694592356682,0.01887226663529873,0.01527467928826809,3.15265681333802e-05,0.48498186469078064,0.014495069161057472,0.4872889518737793,0.10114886611700058,0.38854169845581055,0.07656581699848175,0.008000539615750313,2353.1149015426636
3,3040,0.04817015677690506,0.03420737013220787,0.013962788507342339,3.0971694524039664e-05,0.48735642433166504,0.01608985848724842,0.48514458537101746,0.0982280820608139,0.3786458373069763,0.08230924606323242,0.00798303447663784,2367.848017692566
3,3060,0.07034503668546677,0.047697700560092926,0.02264733612537384,3.0421884996933547e-05,0.4855799078941345,0.015039359219372272,0.4962008595466614,0.111778125166893,0.4203124940395355,0.0884777307510376,0.008294444531202316,2382.8654906749725
3,3080,0.0428859144449234,0.029997581616044044,0.012888330966234207,2.987725542709352e-05,0.4854775071144104,0.015087810344994068,0.4826471209526062,0.0972239300608635,0.3895833492279053,0.08158096671104431,0.02128445729613304,2399.9936668872833
3,3100,0.05897461622953415,0.04035929590463638,0.018615320324897766,2.9337920597850105e-05,0.48454296588897705,0.015869075432419777,0.47584423422813416,0.10044171661138535,0.39479169249534607,0.0833156630396843,0.023873217403888702,2413.871931552887
3,3120,0.09944906830787659,0.07433976978063583,0.02510930225253105,2.8803994176641465e-05,0.4843727946281433,0.01599086821079254,0.47554513812065125,0.115495964884758,0.3838541507720947,0.09747466444969177,0.032459378242492676,2428.0690751075745
3,3140,0.02952040359377861,0.014995002187788486,0.014525401405990124,2.8275588691057476e-05,0.48667964339256287,0.016530677676200867,0.47987836599349976,0.09752612560987473,0.37708336114883423,0.06771963089704514,0.008607948198914528,2445.3060173988342
3,3160,0.040293142199516296,0.02207770012319088,0.018215442076325417,2.7752815505124003e-05,0.4852275848388672,0.015361255034804344,0.4813048243522644,0.10339191555976868,0.38072916865348816,0.07773880660533905,0.004855562932789326,2459.7602200508118
3,3180,0.05590149760246277,0.033226378262043,0.02267512120306492,2.723578479583233e-05,0.4852254390716553,0.014874441549181938,0.4762710928916931,0.11206754297018051,0.3854166865348816,0.08499599993228912,0.009069830179214478,2474.412801504135
3,3200,0.038636866956949234,0.02555878460407257,0.013078081421554089,2.672460552991891e-05,0.4856605529785156,0.0157757718116045,0.4697191119194031,0.0945044681429863,0.3864583373069763,0.0782225951552391,0.019406355917453766,2491.740435361862
3,3220,0.07898502051830292,0.0529753714799881,0.02600964717566967,2.621938544089999e-05,0.48633846640586853,0.015289080329239368,0.4906763434410095,0.11087030917406082,0.40677088499069214,0.07895030826330185,0.01673879660665989,2506.4870805740356
3,3240,0.046794526278972626,0.027335258200764656,0.01945926807820797,2.572023100636638e-05,0.4865358769893646,0.016239013522863388,0.4943642020225525,0.105094313621521,0.4088541865348816,0.07932983338832855,0.00424587307497859,2521.893523454666
3,3260,0.06899818032979965,0.05058823898434639,0.01840994320809841,2.522724742554261e-05,0.48782479763031006,0.016206912696361542,0.4905012249946594,0.10460389405488968,0.3916666507720947,0.08405475318431854,0.021959422156214714,2536.850739479065
3,3280,0.0179302841424942,0.00645054504275322,0.011479738168418407,2.4740538597115885e-05,0.48284363746643066,0.016299160197377205,0.48117172718048096,0.09227653592824936,0.38489586114883423,0.06336045265197754,0.0013826405629515648,2551.2457208633423
3,3300,0.0497811883687973,0.03502122312784195,0.014759966172277927,2.426020709733875e-05,0.48456549644470215,0.016354696825146675,0.4730421304702759,0.09555255621671677,0.3499999940395355,0.07338263094425201,0.019906362518668175,2568.0834953784943
3,3320,0.0350467823445797,0.022104475647211075,0.012942305766046047,2.3786354158410747e-05,0.48628729581832886,0.01599261909723282,0.47745901346206665,0.09602299332618713,0.37447914481163025,0.07447433471679688,0.007627367507666349,2582.3399138450623
3,3340,0.07493217289447784,0.05146287754178047,0.023469293490052223,2.3319079647143212e-05,0.48774802684783936,0.014105861075222492,0.4896410405635834,0.11958718299865723,0.4072916507720947,0.09858736395835876,0.015734484419226646,2596.4469990730286
3,3360,0.04534544795751572,0.026852384209632874,0.018493061885237694,2.2858482043911878e-05,0.4870851933956146,0.015628568828105927,0.4750134348869324,0.10723050683736801,0.3890624940395355,0.08583995699882507,0.016909971833229065,2612.707307100296
3,3380,0.04253993555903435,0.02666664496064186,0.015873290598392487,2.2404658421901603e-05,0.4851722717285156,0.01630580797791481,0.4832199215888977,0.10107779502868652,0.3932291865348816,0.07700803130865097,0.0023368727415800095,2626.787589073181
3,3400,0.019471418112516403,0.01016845554113388,0.009302961640059948,2.1957704426647798e-05,0.4853486716747284,0.0157350804656744,0.472478449344635,0.08073346316814423,0.39791667461395264,0.06561106443405151,0.008677112869918346,2640.607451915741
3,3420,0.028348302468657494,0.015291266143321991,0.013057036325335503,2.1517714255878578e-05,0.48855170607566833,0.013203677721321583,0.4801618456840515,0.0922432690858841,0.3802083432674408,0.07127895206212997,0.008577117696404457,2655.8653576374054
3,3440,0.05952538922429085,0.04643503576517105,0.013090353459119797,2.108478063966224e-05,0.4890936315059662,0.014606566168367863,0.4887159466743469,0.09785290062427521,0.43125003576278687,0.07953910529613495,0.01329442672431469,2670.0021052360535
3,3460,0.06575477868318558,0.052229687571525574,0.013525092042982578,2.0658994820863854e-05,0.48796671628952026,0.015278466045856476,0.4699617326259613,0.0960344523191452,0.38333332538604736,0.09189742803573608,0.0356886051595211,2684.139345884323
3,3480,0.04780794680118561,0.03317704796791077,0.014630896970629692,2.0240446535915397e-05,0.48789358139038086,0.014794422313570976,0.4884748160839081,0.1020611822605133,0.40572917461395264,0.09715520590543747,0.019750822335481644,2700.0632553100586
3,3500,0.07817919552326202,0.061724454164505005,0.01645473763346672,1.982922399590348e-05,0.48736655712127686,0.015515836887061596,0.47756239771842957,0.09412933140993118,0.3968749940395355,0.08991821855306625,0.03339071571826935,2714.7401185035706
3,3520,0.047717150300741196,0.03487669304013252,0.012840458191931248,1.942541386797822e-05,0.4863804280757904,0.01609247364103794,0.47896358370780945,0.0940513014793396,0.3817708492279053,0.08750781416893005,0.016193505376577377,2729.418564558029
3,3540,0.051133979111909866,0.03332378342747688,0.017810195684432983,1.9029101257087943e-05,0.4843788146972656,0.017061784863471985,0.47113507986068726,0.10890644788742065,0.36770832538604736,0.07974066585302353,0.01387784257531166,2746.025930404663
3,3560,0.07096998393535614,0.05262051895260811,0.018349461257457733,1.8640369688042732e-05,0.4861569404602051,0.017528822645545006,0.48794934153556824,0.10918284952640533,0.41093748807907104,0.08429291844367981,0.021847620606422424,2760.6851918697357
3,3580,0.061960600316524506,0.041731324046850204,0.0202292762696743,1.825930108791128e-05,0.48762261867523193,0.017203250899910927,0.47254475951194763,0.10728967189788818,0.38229167461395264,0.08534012734889984,0.018201207742094994,2775.713335752487
3,3600,0.020104844123125076,0.009787557646632195,0.010317285545170307,1.788597576875427e-05,0.48989352583885193,0.014327901415526867,0.48405921459198,0.08697096258401871,0.3697916865348816,0.06411033868789673,0.0032268818467855453,2791.1773748397827
3,3620,0.059752658009529114,0.043583594262599945,0.016169065609574318,1.7520472410698307e-05,0.48736560344696045,0.015438530594110489,0.4813908040523529,0.09783240407705307,0.3828125,0.0805603489279747,0.01850919798016548,2806.9191634655
3,3640,0.057099372148513794,0.036920636892318726,0.02017873339354992,1.7162868045353607e-05,0.48656463623046875,0.015162435360252857,0.47645649313926697,0.10520409792661667,0.37447917461395264,0.08355330675840378,0.011843239888548851,2821.8146209716797
3,3660,0.06043610721826553,0.04213805869221687,0.01829804666340351,1.6813238039579306e-05,0.4867642819881439,0.01396462693810463,0.4656144976615906,0.10247935354709625,0.3739583492279053,0.07697208225727081,0.010928883217275143,2836.690281152725
3,3680,0.05233263969421387,0.03438969701528549,0.017942940816283226,1.6471656079599433e-05,0.48765406012535095,0.014620708301663399,0.47470054030418396,0.09513586014509201,0.37187501788139343,0.06966032087802887,0.023233823478221893,2850.9868037700653
3,3700,0.05267211049795151,0.031126774847507477,0.02154533378779888,1.6138194155473264e-05,0.4869161546230316,0.01562943495810032,0.4913930594921112,0.11006923764944077,0.39791667461395264,0.07460187375545502,0.0074843959882855415,2865.0062708854675
3,3720,0.04868847876787186,0.028857551515102386,0.01983092539012432,1.5812922545922993e-05,0.48644909262657166,0.014859765768051147,0.4884408712387085,0.10407932847738266,0.40833336114883423,0.08137290924787521,0.009895595721900463,2880.289649248123
3,3740,0.018040180206298828,0.008666936308145523,0.00937324296683073,1.5495909803522223e-05,0.4878126084804535,0.015224910341203213,0.4836651086807251,0.0869789719581604,0.4010416865348816,0.0747646912932396,0.0054126582108438015,2896.0652236938477
3,3760,0.10633291304111481,0.08793672919273376,0.018396181985735893,1.5187222740248116e-05,0.4882693886756897,0.015989134088158607,0.4894443154335022,0.10308004170656204,0.41822919249534607,0.08497649431228638,0.047255437821149826,2912.5156564712524
3,3780,0.03708548843860626,0.022512972354888916,0.014572514221072197,1.4886926413400479e-05,0.48624294996261597,0.0177953839302063,0.4800870418548584,0.09847158193588257,0.3734375238418579,0.07271549105644226,0.010434314608573914,2927.385128259659
3,3800,0.09414464235305786,0.07483947277069092,0.019305165857076645,1.45950841118906e-05,0.48767706751823425,0.014713372103869915,0.48645755648612976,0.10296794027090073,0.41197916865348816,0.08751827478408813,0.007720033638179302,2942.461174249649
3,3820,0.10007046908140182,0.06683254987001419,0.033237919211387634,1.4311757342902832e-05,0.48481422662734985,0.018008532002568245,0.4790157675743103,0.1204753890633583,0.40312498807907104,0.09565611183643341,0.03719585761427879,2957.3010416030884
3,3840,0.027261702343821526,0.017319459468126297,0.009942242875695229,1.403700581893162e-05,0.4870348870754242,0.015420135110616684,0.47852540016174316,0.08446815609931946,0.37916669249534607,0.06106802821159363,0.00879107229411602,2971.4579503536224
3,3860,0.04978552460670471,0.036366723477840424,0.013418799266219139,1.3770887445196817e-05,0.4864649176597595,0.01602964475750923,0.4820384681224823,0.09882509708404541,0.39791667461395264,0.09771206229925156,0.023187754675745964,2986.3079283237457
3,3880,0.08426414430141449,0.05963725596666336,0.02462688833475113,1.3513458307439894e-05,0.48376554250717163,0.017138740047812462,0.47296246886253357,0.10962395370006561,0.3671875,0.08251296728849411,0.02584201656281948,3003.159339427948
3,3900,0.038238003849983215,0.020430780947208405,0.01780722104012966,1.3264772660103564e-05,0.4865862727165222,0.015536485239863396,0.47434887290000916,0.10658752918243408,0.37135419249534607,0.08396312594413757,0.01194646954536438,3018.142526626587
3,3920,0.06490121781826019,0.04836002364754677,0.016541197896003723,1.302488291489742e-05,0.48539143800735474,0.016647661104798317,0.4853452146053314,0.09538809955120087,0.39479169249534607,0.07901478558778763,0.034974537789821625,3032.594901561737
3,3940,0.02665066346526146,0.013822282664477825,0.01282837986946106,1.2793839629751908e-05,0.48572397232055664,0.016819285228848457,0.4688992500305176,0.09202933311462402,0.3817708492279053,0.07251983135938644,0.0037754103541374207,3049.7914066314697
3,3960,0.037336815148591995,0.024800971150398254,0.012535844929516315,1.2571691498162994e-05,0.4852822422981262,0.01582559011876583,0.481673002243042,0.08899558335542679,0.3932291865348816,0.07083842158317566,0.0070436690002679825,3064.1352767944336
3,3980,0.05595003813505173,0.04575102776288986,0.01019900944083929,1.2358485338929762e-05,0.4862869679927826,0.014992780052125454,0.48674625158309937,0.08987509459257126,0.38854169845581055,0.08325020968914032,0.015898147597908974,3078.700230360031
3,4000,0.024179732427001,0.012545207515358925,0.011634524911642075,1.2154266086287153e-05,0.4864231050014496,0.013780017383396626,0.48358187079429626,0.08954524993896484,0.3932291865348816,0.07362361252307892,0.010220663622021675,3095.844182252884
3,4020,0.053104858845472336,0.03509559854865074,0.018009260296821594,1.195907678043581e-05,0.4848485589027405,0.016159305348992348,0.46230730414390564,0.10378189384937286,0.36770838499069214,0.08469294756650925,0.019792728126049042,3110.780079126358
3,4040,0.0571567639708519,0.036995865404605865,0.020160896703600883,1.1772958558471217e-05,0.4852447509765625,0.014434724114835262,0.4788634479045868,0.1034151017665863,0.3880208432674408,0.08317624777555466,0.013557473197579384,3126.489556789398
3,4060,0.061286285519599915,0.042407818138599396,0.01887846551835537,1.1595950645713772e-05,0.48456871509552,0.01700182631611824,0.4845349192619324,0.10890220105648041,0.3968750238418579,0.08400570601224899,0.01424371637403965,3143.944302558899
3,4080,0.09877634048461914,0.0814746618270874,0.017301682382822037,1.1428090347441932e-05,0.48548364639282227,0.014670251868665218,0.4687846601009369,0.10264299064874649,0.4010416865348816,0.09679514169692993,0.07440067827701569,3159.171883583069
3,4100,0.06693477928638458,0.04933593422174454,0.017598841339349747,1.126941304102989e-05,0.48798877000808716,0.015042976476252079,0.47720250487327576,0.09817509353160858,0.3812499940395355,0.07622413337230682,0.016734812408685684,3173.5828964710236
3,4120,0.10841028392314911,0.08823851495981216,0.020171772688627243,1.1119952168491666e-05,0.48422956466674805,0.015423492528498173,0.48269736766815186,0.10550784319639206,0.3812500238418579,0.08220862597227097,0.06618152558803558,3190.501222372055
3,4140,0.057463377714157104,0.03865891695022583,0.018804462626576424,1.0979739229433002e-05,0.4833165109157562,0.015944456681609154,0.4818629026412964,0.10420562326908112,0.3854166865348816,0.07857251912355423,0.010844605043530464,3205.5291645526886
3,4160,0.04542256146669388,0.03430886194109917,0.01111370138823986,1.0848803774412708e-05,0.4851767420768738,0.01566227711737156,0.4826793372631073,0.08910520374774933,0.390625,0.0712796002626419,0.00626364815980196,3220.381018638611
3,4180,0.04635864496231079,0.029201384633779526,0.017157262191176414,1.0727173398714689e-05,0.4857814311981201,0.015501691959798336,0.48097285628318787,0.10210705548524857,0.3973958492279053,0.07435287535190582,0.006577657535672188,3236.474753856659
3,4200,0.06710365414619446,0.05059470981359482,0.01650894805788994,1.0614873736532146e-05,0.48558634519577026,0.015676215291023254,0.48575055599212646,0.10231765359640121,0.41562503576278687,0.0858314260840416,0.013646049425005913,3250.5950396060944
3,4220,0.027636107057332993,0.014235098846256733,0.01340100821107626,1.0511928455565022e-05,0.48539233207702637,0.01482455339282751,0.4831641614437103,0.09572850912809372,0.3864583373069763,0.07099699229001999,0.003112385980784893,3265.311541557312
3,4240,0.08535388112068176,0.06843550503253937,0.016918374225497246,1.0418359252031924e-05,0.48723894357681274,0.01432557962834835,0.4823286235332489,0.10337650030851364,0.40677088499069214,0.0986628532409668,0.03723409026861191,3280.7352056503296
3,4260,0.04785553365945816,0.035075318068265915,0.012780217453837395,1.0334185846097553e-05,0.48574358224868774,0.015770556405186653,0.4839920401573181,0.09794969111680984,0.421875,0.0870264396071434,0.02021995559334755,3295.8843545913696
3,4280,0.06724347174167633,0.051591597497463226,0.015651870518922806,1.0259425977716559e-05,0.4856897294521332,0.01716591790318489,0.47632595896720886,0.10154539346694946,0.3828125,0.09109877049922943,0.033534467220306396,3310.7508754730225
3,4300,0.06755491346120834,0.04456339031457901,0.022991525009274483,1.0194095402894781e-05,0.48353418707847595,0.017141221091151237,0.47061750292778015,0.10787535458803177,0.37031251192092896,0.08677509427070618,0.0210055373609066,3326.849415540695
3,4320,0.026774443686008453,0.015087209641933441,0.011687233112752438,1.013820789036858e-05,0.4854138493537903,0.015222394838929176,0.4795859456062317,0.0900268480181694,0.39218753576278687,0.07734721153974533,0.004545900970697403,3342.1483705043793
3,4340,0.14895936846733093,0.11616754531860352,0.03279181942343712,1.0091775218703018e-05,0.4862756133079529,0.01513205748051405,0.4854651093482971,0.11452021449804306,0.39114588499069214,0.08463829010725021,0.06470808386802673,3356.9595804214478
3,4360,0.09199897199869156,0.06935285031795502,0.022646119818091393,1.0054807173809456e-05,0.4868398904800415,0.013701869174838066,0.4959389567375183,0.11421424895524979,0.42760416865348816,0.09043844044208527,0.03438073396682739,3374.2494082450867
3,4380,0.04094180464744568,0.026629066094756126,0.014312737621366978,1.0027311546883144e-05,0.48643994331359863,0.01513083279132843,0.49339789152145386,0.09592529386281967,0.40000003576278687,0.07571406662464142,0.0065019926987588406,3387.949735403061
3,4400,0.09848792850971222,0.07459038496017456,0.02389754168689251,1.0009294132761172e-05,0.4872981011867523,0.014284830540418625,0.493024080991745,0.10212837159633636,0.40937501192092896,0.0808805376291275,0.03101002238690853,3401.7460477352142
3,4420,0.047480229288339615,0.02653198316693306,0.020948246121406555,1.0000758728701194e-05,0.4847542643547058,0.0159892737865448,0.4733571708202362,0.10796447843313217,0.3687499761581421,0.0794786885380745,0.011897633783519268,3418.1532583236694
3,4428,0.05185578018426895,0.0395653173327446,0.012290464714169502,1e-05,0.48638543486595154,0.014337537810206413,0.4785113036632538,0.09183388203382492,0.3791907727718353,0.0773460865020752,0.019376659765839577,3423.4756214618683
